key,time
s,1749810234.7005842
d,1749810234.828698
s,1749810234.9719756
d,1749810235.0993786
f,1749810235.1032872
,1749810235.3262312
,1749810235.4525964
,1749810235.5959966
,1749810235.741161
,1749810236.0765295
h,1749810236.862233
e,1749810237.0056107
l,1749810237.1340678
l,1749810237.2636592
o,1749810237.3902867
 ,1749810237.598912
e,1749810237.7425995
v,1749810237.9605405
e,1749810238.030725
r,1749810238.1922584
y,1749810238.4783082
o,1749810238.6231031
n,1749810238.8146229
e,1749810238.9112134
 ,1749810238.9749322
m,1749810239.1709435
y,1749810239.3440664
 ,1749810239.5223176
n,1749810239.6811783
a,1749810239.793355
m,1749810239.8613493
e,1749810239.9234374
 ,1749810240.0064118
i,1749810240.1757836
s,1749810240.2555003
 ,1749810240.355904
j,1749810241.2636178
o,1749810241.407029
h,1749810241.6003828
n,1749810241.678187
 ,1749810241.808044
a,1749810241.9186597
n,1749810242.031192
d,1749810242.1437922
 ,1749810242.2241778
i,1749810242.4154167
 ,1749810242.5760064
a,1749810242.6719043
m,1749810242.767932
 ,1749810242.9124086
v,1749810243.1677191
e,1749810243.2474706
r,1749810243.3749862
y,1749810243.487117
 ,1749810243.5855644
e,1749810244.8019047
e,1749810244.9289465
,1749810245.2157621
x,1749810245.4396012
c,1749810246.175025
i,1749810246.3356025
t,1749810246.4946747
e,1749810246.7195477
d,1749810246.8798106
 ,1749810246.9936483
t,1749810247.0874875
o,1749810247.1685684
 ,1749810247.246402
t,1749810250.451278
y,1749810250.5314593
p,1749810250.7259085
e,1749810250.8521109
 ,1749810250.9326475
s,1749810251.0758753
i,1749810251.172915
m,1749810251.347645
e,1749810251.4427848
 ,1749810251.4906359
s,1749810251.6524935
e,1749810251.8112094
n,1749810251.922716
t,1749810252.0185375
e,1749810252.1791117
n,1749810252.2271783
c,1749810252.404194
 ,1749810252.5476432
e,1749810252.5625951
i,1749810252.7386086
n,1749810252.9149203
 ,1749810253.092205
i,1749810253.2830305
t,1749810253.3625278
