key,time
i,1754198580.0868387
 ,1754198580.2747617
a,1754198580.5527847
m,1754198580.6535914
 ,1754198580.795587
y,1754198581.0553238
a,1754198581.1662486
s,1754198581.2497513
h,1754198581.6773465
 ,1754198581.896136
a,1754198582.0671644
n,1754198582.1817706
d,1754198582.3107724
 ,1754198582.4481213
i,1754198582.9032257
 ,1754198583.1322455
a,1754198583.2855291
m,1754198583.6799412
 ,1754198583.8847928
v,1754198584.1364515
e,1754198584.2502208
r,1754198584.4272838
y,1754198584.5745215
 ,1754198584.7108972
s,1754198584.9658794
a,1754198585.1117363
d,1754198585.2637115
 ,1754198585.4277737
t,1754198585.7141805
o,1754198585.8026197
a,1754198586.1821103
y,1754198586.3664775
,1754198586.6809611
,1754198586.9377763
d,1754198587.0680428
y,1754198587.2931666
,1754198588.2287333
a,1754198588.3173738
y,1754198588.4329402
 ,1754198588.5591338
a,1754198588.8360996
s,1754198588.961302
 ,1754198589.1245587
i,1754198589.3434289
 ,1754198589.5641766
g,1754198589.8812594
o,1754198590.1085258
t,1754198590.3010335
 ,1754198590.7280247
9,1754198591.2536454
.,1754198591.61997
8,1754198591.970134
 ,1754198592.1188445
c,1754198592.7278516
g,1754198592.9429064
p,1754198593.055914
a,1754198593.2124155
 ,1754198593.4235804
a,1754198593.8095074
n,1754198593.9553685
d,1754198594.0513713
 ,1754198594.2344165
s,1754198594.6506128
h,1754198594.809301
i,1754198594.8229709
v,1754198595.820808
a,1754198596.0581174
m,1754198596.1700778
 ,1754198596.3309383
d,1754198597.4758108
i,1754198597.6534414
d,1754198597.7462273
n,1754198597.9947643
t,1754198598.066669
 ,1754198598.2135422
g,1754198598.5047812
a,1754198598.6268554
v,1754198598.933275
e,1754198599.157278
 ,1754198599.2678628
m,1754198599.568445
e,1754198599.743223
 ,1754198599.8498852
t,1754198600.1230333
h,1754198600.2870595
e,1754198600.415748
 ,1754198600.507921
p,1754198600.8569503
a,1754198600.9831636
r,1754198601.2200987
t,1754198601.420606
y,1754198601.5598664
