key,time
i,1754198623.5446522
i,1754198623.8695447
 ,1754198624.0338922
a,1754198624.1003118
m,1754198624.197473
 ,1754198624.3318684
y,1754198624.5224965
a,1754198624.5570745
s,1754198624.633175
h,1754198624.689712
 ,1754198624.7616134
a,1754198624.9904869
n,1754198625.0666857
d,1754198625.154001
 ,1754198625.2061918
i,1754198625.3863387
 ,1754198625.5026004
a,1754198625.6019003
m,1754198625.6929128
 ,1754198625.7981794
a,1754198626.1095777
v,1754198626.5204182
e,1754198626.6491287
r,1754198626.758566
y,1754198626.8664708
 ,1754198626.9442976
g,1754198627.4238312
o,1754198627.596541
o,1754198627.695673
d,1754198627.776363
 ,1754198627.8745828
b,1754198628.0391974
o,1754198628.173794
y,1754198628.2944844
 ,1754198628.3962216
a,1754198629.7915041
n,1754198629.8999863
d,1754198630.0067935
 ,1754198630.098604
s,1754198630.2517755
h,1754198630.376918
i,1754198630.4576428
v,1754198630.6093152
a,1754198630.7090898
m,1754198630.8457778
 ,1754198630.9332085
i,1754198632.8087847
k,1754198633.1910203
s,1754198633.3198037
 ,1754198633.4621146
a,1754198633.773064
 ,1754198633.8811677
n,1754198634.492587
i,1754198634.6104593
c,1754198634.6708982
e,1754198634.8222494
 ,1754198634.9042714
d,1754198635.0775535
f,1754198635.4899666
a,1754198635.7074168
 ,1754198635.9004283
s,1754198636.8167033
y,1754198637.0383089
u,1754198637.1903
d,1754198637.2837615
n,1754198637.4084365
e,1754198637.4834638
 ,1754198637.645677
t,1754198637.7619183
 ,1754198638.3488436
s,1754198639.232485
o,1754198639.2984655
 ,1754198639.453817
t,1754198639.5979562
h,1754198639.67164
a,1754198639.7759442
t,1754198639.8854823
 ,1754198639.952504
h,1754198640.15728
e,1754198640.2637672
 ,1754198640.351168
c,1754198640.9633682
a,1754198641.088157
n,1754198641.1704302
 ,1754198641.3249013
w,1754198641.7565706
i,1754198641.8826764
n,1754198642.007565
 ,1754198642.1605332
t,1754198642.2196393
h,1754198642.3103726
e,1754198642.4265513
 ,1754198642.4883037
c,1754198642.633946
o,1754198642.7064152
m,1754198642.8300986
p,1754198642.9759004
e,1754198643.0591693
t,1754198643.2005277
i,1754198643.2936265
t,1754198643.4039257
o,1754198643.4629273
i,1754198643.4739275
j,1754198643.6170495
n,1754198643.6498933
 ,1754198643.82445
