key,time
i,1754198541.7223725
 ,1754198541.909206
a,1754198542.402084
m,1754198542.4821124
 ,1754198542.627222
y,1754198542.8539984
a,1754198542.884275
s,1754198542.9907172
h,1754198543.0228224
 ,1754198543.1343572
a,1754198543.4528832
n,1754198543.5645409
d,1754198543.6522388
 ,1754198543.7390494
i,1754198543.8845034
 ,1754198544.0422618
a,1754198544.3634777
 ,1754198544.5370421
g,1754198546.275001
o,1754198546.3861353
o,1754198546.4820545
d,1754198546.620969
 ,1754198546.7043302
b,1754198547.247329
a,1754198547.4551537
k,1754198547.7089326
e,1754198547.82103
t,1754198547.9961882
y,1754198547.9961882
b,1754198548.1236129
a,1754198548.2349148
l,1754198548.315002
l,1754198548.4265983
 ,1754198548.5373535
p,1754198548.7119436
l,1754198548.9035747
a,1754198549.890173
y,1754198550.01792
e,1754198550.097603
r,1754198550.2738433
